33925;33608;
33925;33608;
33925;33608;
33926;33607;
33926;33607;
33926;33608;
33926;33608;
33925;33608;
33925;33608;
33925;33608;
33925;33608;
33925;33608;
33925;33608;
33925;33607;
33925;33607;
33925;33607;
33925;33607;
33924;33607;
33924;33607;
33924;33607;
33924;33607;
33924;33607;
33925;33608;
33925;33608;
33925;33608;
33926;33608;
33925;33608;
33925;33608;
33925;33608;
33924;33608;
33924;33608;
33924;33608;
33924;33608;
33924;33608;
33924;33608;
33924;33608;
33924;33608;
33924;33607;
33924;33608;
33924;33607;
33924;33607;
33924;33608;
33924;33607;
33923;33607;
33923;33607;
33924;33608;
33924;33608;
33925;33608;
33925;33608;
33925;33608;
33925;33608;
33925;33609;
33925;33609;
33925;33610;
33925;33610;
33926;33610;
33926;33610;
33926;33610;
33926;33610;
33926;33610;
33926;33610;
33926;33610;
33927;33609;
33926;33609;
33926;33609;
33926;33609;
33926;33609;
33926;33609;
33926;33609;
33926;33609;
33926;33609;
33926;33609;
33926;33609;
33926;33609;
33926;33609;
33926;33609;
33926;33609;
33926;33609;
33926;33609;
33926;33608;
33926;33608;
33926;33609;
33926;33609;
33926;33609;
33926;33609;
33926;33609;
33925;33609;
33925;33608;
33925;33608;
33925;33608;
33925;33608;
33925;33608;
33925;33608;
33925;33608;
33925;33609;
33925;33609;
33925;33609;
33925;33609;
33925;33609;
33925;33609;
33925;33609;
33925;33609;
33925;33609;
33924;33609;
33924;33609;
33924;33609;
33924;33608;
33924;33608;
33923;33597;
33905;33575;
33946;33642;
33824;33503;
33426;32596;
33166;32267;
33208;32214;
33320;32269;
33365;32302;
33408;32419;
33415;32478;
33426;32558;
33474;32579;
33502;32603;
33521;32672;
33582;32784;
33619;32848;
33664;32951;
33699;33043;
33702;33126;
33717;33202;
33726;33249;
33727;33273;
33745;33300;
33751;33284;
33791;33270;
33789;33227;
33816;33234;
33821;33250;
33834;33300;
33848;33336;
33848;33379;
33835;33414;
33830;33447;
33836;33460;
33834;33440;
33839;33421;
33840;33416;
33849;33416;
33874;33421;
33889;33412;
33895;33413;
33888;33427;
33879;33446;
33873;33462;
33872;33472;
33863;33477;
33866;33486;
33870;33482;
33882;33476;
33889;33468;
33890;33471;
33891;33479;
33891;33482;
33891;33477;
33888;33475;
33887;33480;
33887;33488;
33891;33492;
33893;33491;
33893;33494;
33890;33501;
33891;33509;
33895;33509;
33896;33503;
33892;33499;
33889;33501;
33891;33504;
33896;33501;
33899;33496;
33901;33496;
33901;33504;
33902;33513;
33902;33518;
33899;33520;
33894;33520;
33890;33520;
33891;33518;
33894;33513;
33899;33510;
33903;33511;
33906;33513;
33907;33515;
33907;33516;
33904;33519;
33901;33522;
33898;33525;
33896;33525;
33896;33524;
33897;33524;
33900;33524;
33903;33523;
33906;33520;
33907;33520;
33906;33524;
33905;33528;
33905;33530;
33905;33530;
33903;33529;
33901;33529;
33901;33530;
33902;33529;
33905;33529;
33907;33529;
33909;33531;
33911;33533;
33912;33533;
33910;33532;
33907;33532;
33905;33533;
33904;33533;
33904;33532;
33906;33532;
33908;33533;
33910;33534;
33910;33535;
33910;33535;
33908;33535;
33906;33535;
33905;33536;
33905;33536;
33906;33535;
33907;33536;
33908;33537;
33909;33537;
33909;33537;
33909;33537;
33909;33537;
33908;33538;
33908;33539;
33908;33539;
33908;33539;
33908;33539;
33908;33539;
33909;33539;
33909;33539;
33910;33541;
33910;33543;
33909;33545;
33909;33545;
33909;33544;
33909;33544;
33908;33544;
33909;33544;
33909;33544;
33911;33545;
33912;33546;
33913;33546;
33913;33545;
33912;33545;
33911;33545;
33910;33546;
33909;33546;
33909;33547;
33909;33547;
33911;33548;
33912;33549;
33913;33549;
33912;33550;
33912;33551;
33912;33552;
33911;33552;
33911;33552;
33912;33553;
33913;33553;
33913;33553;
33913;33553;
33914;33553;
33914;33554;
33914;33554;
33914;33554;
33914;33555;
33914;33555;
33914;33555;
33914;33555;
33914;33555;
33914;33555;
33914;33555;
33914;33556;
33914;33556;
33914;33556;
33914;33556;
33913;33556;
33913;33555;
33913;33555;
33913;33555;
33913;33555;
33914;33556;
33914;33556;
33915;33557;
33915;33557;
33915;33557;
33915;33557;
33915;33557;
33915;33558;
33915;33558;
33916;33558;
33916;33558;
33916;33558;
33916;33558;
33916;33558;
33917;33559;
33917;33560;
33917;33560;
33917;33561;
33917;33562;
33916;33563;
33916;33563;
33916;33563;
33916;33563;
33916;33564;
33916;33565;
33916;33566;
33916;33566;
33916;33566;
33916;33566;
33916;33566;
33916;33566;
33916;33567;
33916;33568;
33916;33568;
33917;33568;
33917;33568;
33917;33568;
33917;33568;
33917;33568;
33916;33568;
33916;33568;
33916;33569;
33917;33569;
33917;33569;
33918;33569;
33918;33569;
33918;33569;
33918;33569;
33918;33569;
33918;33569;
33918;33570;
33918;33570;
33918;33571;
33918;33571;
33918;33571;
33918;33571;
33919;33572;
33919;33572;
33919;33572;
33919;33572;
33919;33572;
33919;33573;
33919;33573;
33919;33573;
33919;33573;
33920;33574;
33920;33574;
33919;33573;
33920;33574;
33919;33574;
33919;33575;
33919;33576;
33919;33577;
33919;33577;
33919;33577;
33919;33577;
33920;33577;
33920;33577;
33920;33578;
33920;33578;
33920;33579;
33921;33579;
33921;33579;
33921;33579;
33921;33579;
33921;33579;
33920;33579;
33920;33579;
33920;33579;
33921;33579;
33921;33579;
33920;33579;
33920;33579;
33920;33579;
33920;33580;
33920;33580;
33920;33581;
33920;33581;
33920;33581;
33920;33581;
33921;33582;
33920;33582;
33921;33582;
33920;33582;
33921;33582;
33921;33582;
33921;33583;
33921;33583;
33921;33583;
33921;33583;
33921;33584;
33922;33584;
33922;33584;
33921;33584;
33921;33584;
33922;33584;
33922;33584;
33922;33585;
33922;33585;
33922;33585;
33921;33586;
33922;33586;
33921;33586;
33921;33587;
33922;33587;
33922;33587;
33922;33587;
33922;33587;
33921;33587;
33921;33587;
33921;33587;
33922;33588;
33922;33588;
33922;33588;
33922;33589;
33922;33589;
33922;33590;
33922;33590;
33922;33590;
33922;33590;
33922;33591;
33922;33591;
33922;33590;
33922;33590;
33922;33591;
33922;33591;
33922;33591;
33922;33591;
33922;33591;
33922;33592;
33922;33592;
33922;33592;
33922;33592;
33922;33591;
33922;33591;
33922;33591;
33922;33591;
33923;33591;
33923;33591;
33923;33591;
33923;33592;
33923;33592;
33923;33593;
33923;33593;
33923;33593;
33924;33594;
33924;33594;
33923;33594;
33923;33594;
33923;33594;
33923;33595;
33923;33595;
33924;33594;
33924;33594;
33924;33594;
33924;33594;
33924;33594;
33924;33594;
33924;33594;
33924;33595;
33924;33595;
33924;33595;
33925;33595;
33925;33595;
33925;33595;
33925;33595;
33925;33595;
33925;33595;
33925;33596;
33924;33596;
33924;33597;
33924;33596;
33924;33596;
33924;33596;
33924;33596;
33924;33596;
33924;33597;
33924;33597;
33924;33597;
33924;33597;
33924;33598;
33924;33599;
33925;33599;
33924;33600;
33924;33600;
33924;33600;
33923;33600;
33923;33600;
33924;33599;
33924;33600;
33924;33599;
33924;33599;
33924;33599;
33924;33599;
33924;33600;
33924;33599;
33925;33599;
33925;33600;
33926;33600;
33926;33600;
33925;33601;
33925;33601;
33925;33601;
33925;33602;
33925;33602;
33924;33602;
33924;33602;
33924;33603;
33924;33603;
33924;33603;
33925;33603;
33924;33603;
33924;33603;
33924;33602;
33923;33602;
33923;33602;
33923;33603;
33924;33603;
33924;33603;
33924;33603;
33924;33603;
33924;33603;
33924;33603;
33924;33603;
33924;33604;
33924;33604;
33924;33604;
33924;33604;
33924;33604;
33924;33605;
33924;33605;
33925;33605;
33924;33605;
33924;33605;
33924;33606;
33924;33606;
33924;33606;
33924;33606;
33924;33606;
33924;33606;
33924;33606;
33925;33605;
33924;33605;
33924;33605;
33925;33606;
33925;33606;
33925;33606;
33925;33606;
33925;33607;
33925;33607;
33925;33607;
33925;33607;
33924;33607;
33925;33607;
33925;33607;
33925;33608;
33925;33608;
33925;33607;
33925;33607;
33925;33607;
33925;33607;
33925;33606;
33925;33606;
33926;33606;
33925;33606;
33925;33607;
33925;33607;
33925;33607;
33926;33607;
33926;33607;
33926;33606;
33926;33606;
33925;33606;
33925;33606;
33925;33606;
33924;33607;
33924;33607;
33925;33607;
33925;33608;
33925;33607;
33925;33607;
33925;33607;
33925;33607;
33925;33607;
33926;33608;
33926;33608;
33927;33609;
33927;33609;
33927;33610;
33927;33610;
33926;33610;
33927;33610;
33926;33610;
33927;33610;
33926;33610;
33926;33610;
33926;33610;
33926;33610;
33926;33610;
33926;33610;
33926;33609;
33926;33609;
33926;33609;
33926;33609;
33926;33609;
33926;33610;
33926;33610;
33926;33609;
33926;33609;
33926;33609;
33926;33609;
33926;33609;
33926;33609;
33926;33609;
33927;33609;
33926;33609;
33926;33609;
33926;33610;
33925;33610;
33925;33610;
33925;33610;
33925;33611;
33925;33610;
33925;33610;
33924;33611;
33925;33611;
33925;33612;
33924;33612;
33924;33612;
33925;33612;
33925;33611;
33925;33611;
33925;33611;
33925;33611;
33925;33612;
33925;33612;
33925;33612;
33925;33612;
33925;33613;
33925;33612;
33925;33612;
33926;33612;
33925;33612;
33926;33613;
33925;33613;
33925;33613;
33925;33613;
33925;33613;
33925;33613;
33925;33614;
33925;33614;
33925;33615;
33925;33615;
33926;33615;
33926;33615;
33925;33615;
33925;33614;
33925;33614;
33925;33614;
33925;33614;
33925;33613;
33925;33613;
33925;33613;
33926;33612;
33926;33612;
33926;33612;
33926;33613;
33926;33613;
33925;33613;
33926;33614;
33926;33614;
33926;33614;
33926;33614;
33926;33615;
33926;33616;
33926;33616;
33926;33616;
33926;33616;
33926;33616;
33926;33616;
33926;33616;
33926;33615;
33926;33616;
33926;33616;
33926;33616;
33927;33616;
33927;33616;
33927;33616;
33927;33616;
33927;33616;
33927;33616;
33927;33617;
33927;33617;
33927;33617;
33927;33617;
33928;33617;
33928;33617;
33928;33617;
33928;33617;
33927;33617;
33927;33617;
33927;33617;
33927;33618;
33927;33617;
33927;33617;
33927;33617;
33926;33617;
33926;33617;
33927;33617;
33926;33617;
33926;33617;
33926;33617;
33925;33617;
33926;33617;
33926;33617;
33926;33617;
33926;33617;
33926;33617;
33926;33617;
33926;33617;
33926;33617;
33925;33617;
33925;33617;
33926;33617;
33926;33617;
33926;33617;
33927;33618;
33927;33618;
33926;33617;
33926;33618;
33926;33618;
33926;33618;
33926;33619;
33926;33619;
33926;33619;
33926;33619;
33926;33618;
33926;33619;
33926;33619;
33926;33618;
33926;33618;
33926;33618;
33926;33618;
33927;33618;
33927;33618;
33927;33618;
33927;33618;
33927;33618;
33927;33618;
33926;33617;
33926;33618;
33926;33618;
33926;33618;
33927;33618;
33927;33618;
33927;33618;
33927;33618;
33927;33618;
33927;33619;
33927;33619;
33926;33619;
33926;33619;
33926;33618;
33927;33618;
33927;33618;
33927;33617;
33927;33617;
33928;33617;
33927;33617;
33927;33618;
33927;33619;
33927;33619;
33927;33619;
33928;33619;
33928;33619;
33927;33619;
33927;33619;
33927;33619;
33927;33619;
33927;33619;
33927;33620;
33927;33620;
33926;33619;
33926;33619;
33926;33618;
33926;33619;
33926;33619;
33927;33619;
33927;33619;
33927;33619;
33927;33620;
33927;33620;
33927;33620;
33927;33620;
33927;33620;
33927;33620;
33927;33620;
33927;33620;
33927;33619;
33928;33619;
33928;33619;
33928;33618;
33928;33619;
33928;33619;
33928;33620;
33928;33620;
33928;33620;
33927;33620;
33927;33620;
33928;33620;
33927;33620;
33927;33620;
33926;33619;
33927;33620;
33926;33620;
33926;33621;
33926;33621;
33925;33620;
33925;33620;
33925;33620;
33925;33621;
33926;33621;
33926;33620;
33926;33620;
33927;33620;
33927;33620;
33927;33620;
33927;33620;
33927;33620;
33927;33621;
33927;33621;
33928;33621;
33928;33621;
33928;33621;
33928;33622;
33928;33622;
33928;33622;
33928;33621;
33928;33621;
33928;33621;
33928;33622;
33928;33622;
33928;33622;
33928;33622;
33928;33622;
33929;33622;
33929;33622;
33928;33622;
33929;33621;
33929;33621;
33929;33620;
33929;33621;
33928;33621;
33929;33622;
33929;33622;
33929;33621;
33929;33620;
33929;33620;
33929;33620;
33929;33620;
33928;33621;
33928;33621;
33928;33621;
33927;33621;
33928;33622;
33927;33622;
33927;33622;
33926;33622;
33926;33622;
33927;33623;
33926;33623;
33926;33622;
33926;33622;
33927;33622;
33927;33622;
33927;33622;
33927;33622;
33927;33622;
33928;33623;
33928;33623;
33927;33622;
33927;33622;
33927;33622;
33927;33622;
33926;33621;
33927;33622;
33927;33622;
33927;33622;
33927;33621;
33926;33621;
33926;33621;
33926;33621;
33926;33621;
33927;33621;
33927;33621;
33927;33621;
33926;33621;
33927;33621;
33927;33621;
33927;33620;
33927;33621;
33927;33621;
33927;33621;
33927;33621;
33927;33621;
33928;33621;
33928;33621;
33928;33621;
33928;33621;
33928;33622;
33928;33622;
33928;33622;
33928;33622;
33928;33623;
33928;33623;
33928;33623;
33928;33623;
33928;33622;
33928;33622;
33928;33621;
33928;33621;
33928;33622;
33928;33622;
33928;33622;
33928;33622;
33928;33622;
33928;33622;
33928;33623;
33928;33623;
33928;33623;
33928;33623;
33928;33623;
33928;33623;
33928;33623;
33929;33622;
33929;33622;
33929;33623;
33929;33623;
33929;33623;
33929;33624;
33929;33623;
33928;33623;
33928;33623;
33928;33622;
33928;33622;
33927;33623;
33927;33624;
33927;33624;
33928;33624;
33928;33624;
33928;33624;
33928;33623;
33928;33623;
33928;33623;
33928;33623;
33928;33623;
33927;33624;
33927;33624;
33927;33624;
33928;33624;
33928;33624;
33928;33624;
33928;33624;
33928;33625;
33928;33624;
33928;33624;
33928;33624;
33928;33625;
33927;33625;
33927;33625;
33927;33625;
33927;33624;
33927;33624;
33927;33624;
33928;33624;
33928;33624;
33928;33624;
33928;33624;
33928;33624;
33927;33624;
33927;33624;
33927;33624;
33926;33624;
33926;33625;
33926;33625;
33926;33625;
33926;33625;
33926;33625;
33926;33625;
33926;33625;
33927;33625;
33927;33625;
33927;33625;
33927;33625;
33927;33625;
33928;33624;
33928;33624;
33928;33623;
33928;33624;
33928;33623;
33928;33623;
33928;33623;
33927;33622;
33927;33623;
33927;33624;
33927;33624;
33928;33624;
33928;33624;
33928;33624;
33928;33624;
33928;33624;
33928;33624;
33928;33623;
33928;33624;
33928;33624;
33928;33624;
33929;33624;
33929;33625;
33929;33625;
33929;33625;
33929;33625;
33930;33625;
33930;33625;
33930;33624;
33930;33623;
33930;33623;
33930;33623;
33930;33623;
33930;33623;
33930;33623;
33930;33623;
33929;33623;
33929;33623;
33929;33623;
33929;33623;
33929;33623;
33929;33623;
33929;33623;
33928;33622;
33928;33622;
33928;33622;
33928;33621;
33928;33622;
33927;33622;
33927;33622;
33926;33623;
33926;33623;
33926;33623;
33926;33622;
33926;33622;
33926;33622;
33926;33623;
33927;33623;
33927;33624;
33927;33624;
33928;33624;
33929;33624;
33929;33624;
33929;33624;
33929;33624;
33929;33624;
33929;33624;
33929;33624;
33929;33624;
33928;33624;
33928;33624;
33929;33624;
33928;33623;
33928;33623;
33929;33623;
33928;33622;
33929;33623;
33929;33623;
33929;33623;
33929;33623;
33929;33623;
33929;33623;
33929;33623;
33929;33624;
33929;33624;
33929;33624;
33930;33624;
33930;33624;
33930;33625;
33929;33625;
33929;33625;
33929;33625;
33929;33625;
33929;33625;
33929;33625;
33929;33625;
33928;33625;
33928;33625;
33928;33624;
33928;33624;
33928;33624;
33928;33624;
33928;33624;
33929;33624;
33929;33623;
33929;33623;
33929;33623;
33929;33623;
33929;33623;
33929;33623;
33929;33623;
33929;33624;
33929;33624;
33930;33624;
33930;33624;
33930;33624;
33930;33624;
33930;33625;
33930;33625;
33929;33625;
33929;33625;
33928;33626;
33928;33626;
33927;33626;
33928;33626;
33927;33626;
33927;33626;
33927;33626;
33927;33626;
33927;33626;
33927;33626;
33927;33625;
33927;33625;
33927;33625;
33927;33625;
33927;33624;
33927;33625;
33927;33624;
33927;33624;
33928;33624;
33928;33624;
33928;33624;
33928;33624;
33928;33625;
33929;33624;
33929;33624;
33928;33624;
33929;33624;
33928;33624;
33928;33624;
33929;33624;
33929;33625;
33929;33625;
33928;33625;
33928;33625;
33928;33625;
33928;33625;
33928;33625;
33928;33626;
33928;33626;
33928;33626;
33928;33626;
33928;33626;
33928;33625;
33928;33625;
33928;33624;
33929;33625;
33929;33625;
33929;33625;
33929;33625;
33929;33626;
33929;33626;
33928;33626;
33928;33626;
33928;33625;
33928;33625;
33928;33625;
33928;33625;
33928;33626;
33928;33626;
33928;33626;
33928;33626;
33927;33626;
33927;33626;
33927;33626;
33927;33626;
33927;33626;
33928;33625;
33927;33626;
33927;33626;
33926;33627;
33926;33626;
33926;33626;
33927;33626;
33927;33626;
33928;33626;
33928;33625;
33928;33624;
33929;33624;
33929;33624;
33929;33624;
33929;33624;
33928;33624;
33928;33624;
33928;33624;
33928;33624;
33929;33624;
33929;33624;
33929;33624;
33929;33625;
33928;33625;
33928;33625;
33928;33625;
33927;33625;
33928;33625;
33928;33625;
33928;33624;
33928;33624;
33928;33624;
33928;33624;
33928;33624;
33928;33624;
33928;33624;
33928;33624;
33929;33624;
33929;33624;
33928;33625;
33928;33625;
33927;33625;
33927;33625;
33927;33625;
33927;33626;
33927;33626;
33927;33625;
33927;33626;
33927;33627;
33927;33627;
33926;33627;
33926;33627;
33926;33626;
33926;33626;
33927;33625;
33927;33625;
33927;33624;
33928;33624;
33928;33624;
33928;33624;
33928;33624;
33928;33624;
33928;33624;
33928;33625;
33928;33625;
33928;33624;
33928;33624;
33928;33625;
33928;33625;
33928;33625;
33928;33625;
33928;33625;
33928;33625;
33928;33625;
33928;33625;
33929;33626;
33929;33626;
33929;33626;
33929;33625;
33928;33625;
33929;33625;
33928;33625;
33928;33625;
33928;33626;
33928;33626;
33928;33625;
33928;33625;
33928;33625;
33928;33626;
33928;33626;
33928;33626;
33928;33626;
33928;33627;
33929;33626;
33929;33626;
33929;33625;
33929;33625;
33929;33625;
33929;33625;
33929;33625;
33929;33626;
33929;33626;
33929;33626;
33929;33625;
33929;33625;
33928;33625;
33928;33626;
33929;33626;
33929;33626;
33929;33626;
33929;33626;
33929;33626;
33929;33626;
33929;33626;
33928;33626;
33928;33626;
33928;33626;
33928;33626;
33928;33625;
33929;33626;
33929;33626;
33929;33626;
33929;33625;
33929;33625;
33929;33625;
33929;33625;
33929;33625;
33929;33625;
33930;33625;
33929;33625;
33929;33625;
33929;33624;
33929;33624;
33928;33623;
33929;33623;
33929;33623;
33929;33623;
33929;33622;
33929;33622;
33930;33623;
33930;33623;
33930;33623;
33929;33623;
33929;33623;
33929;33623;
33929;33624;
33928;33624;
33928;33624;
33928;33624;
33928;33624;
33928;33624;
33928;33623;
33929;33623;
33929;33623;
33929;33623;
33929;33623;
33929;33623;
33929;33623;
33929;33623;
33930;33624;
33929;33624;
33930;33624;
33930;33624;
33930;33625;
33930;33625;
33930;33624;
33930;33625;
33929;33625;
33930;33624;
33930;33624;
33930;33624;
33930;33625;
33930;33624;
33929;33624;
33929;33624;
33929;33624;
33929;33624;
33929;33625;
33928;33625;
33929;33625;
33929;33626;
33929;33626;
33929;33626;
33929;33625;
33929;33625;
33929;33625;
33929;33624;
33929;33624;
33929;33623;
33930;33624;
33930;33624;
33930;33625;
33930;33625;
33930;33625;
33930;33625;
33930;33625;
33930;33625;
33930;33625;
33929;33626;
33929;33626;
33929;33626;
33929;33626;
33929;33625;
33929;33626;
33929;33626;
33928;33626;
33928;33626;
33928;33626;
33928;33626;
33927;33626;
33927;33626;
33928;33626;
33928;33626;
33929;33626;
33929;33626;
33929;33626;
33929;33626;
33929;33626;
33928;33627;
33928;33627;
33928;33627;
33928;33627;
33928;33628;
33928;33628;
33928;33628;
33928;33628;
33928;33628;
33929;33627;
33929;33627;
33929;33627;
33929;33627;
33929;33626;
33929;33626;
33929;33626;
33929;33626;
33930;33626;
33930;33626;
33930;33626;
33930;33626;
33930;33626;
33931;33626;
33930;33626;
33930;33625;
33930;33625;
33929;33625;
33929;33625;
33929;33625;
33929;33625;
33929;33625;
33929;33624;
33929;33624;
33929;33624;
33929;33624;
33929;33624;
33929;33624;
33929;33624;
33930;33624;
33929;33625;
33929;33624;
33929;33624;
33929;33624;
33929;33624;
33929;33624;
33929;33625;
33928;33625;
33928;33625;
33928;33626;
33928;33626;
33928;33626;
33928;33626;
33928;33626;
33928;33626;
33927;33626;
33927;33625;
33927;33625;
33927;33625;
33927;33625;
33928;33625;
33928;33625;
33928;33625;
33928;33625;
33928;33625;
33929;33625;
33929;33625;
33929;33625;
33929;33625;
33929;33625;
33929;33624;
33929;33624;
33929;33624;
33930;33624;
33930;33624;
33930;33624;
33930;33624;
33930;33624;
33930;33624;
33930;33624;
33930;33624;
33930;33624;
33929;33624;
33929;33624;
33929;33624;
33929;33624;
33929;33624;
33929;33624;
33928;33624;
33928;33624;
33928;33624;
33928;33624;
33928;33624;
33928;33624;
33928;33625;
33928;33624;
33928;33624;
33928;33624;
33928;33624;
33928;33624;
33928;33624;
33928;33623;
33928;33623;
33928;33623;
33927;33623;
33927;33623;
33927;33623;
33928;33623;
33928;33623;
33928;33623;
33928;33623;
33928;33623;
33928;33623;
33928;33623;
33928;33623;
33928;33624;
33928;33624;
33928;33624;
33928;33624;
33928;33625;
33928;33625;
33928;33624;
33928;33624;
33928;33624;
33928;33624;
33927;33624;
33927;33624;
33928;33625;
33928;33625;
33928;33625;
33928;33625;
33928;33625;
33928;33625;
33929;33625;
33929;33625;
33929;33625;
33929;33625;
33930;33625;
33930;33626;
33930;33625;
33930;33626;
33930;33625;
33930;33625;
33930;33626;
33930;33626;
33930;33626;
33929;33626;
33929;33627;
33929;33626;
33929;33626;
33929;33625;
33929;33625;
33929;33625;
33929;33625;
33929;33625;
33929;33625;
33929;33624;
33929;33624;
33929;33624;
33929;33624;
33929;33624;
33928;33624;
33929;33624;
33929;33624;
33929;33624;
33929;33624;
33929;33625;
33929;33625;
33929;33624;
33928;33624;
33929;33624;
33928;33624;
33928;33624;
33928;33624;
33928;33624;
33928;33624;
33928;33624;
33928;33624;
33928;33625;
33928;33624;
33928;33624;
33928;33624;
33927;33624;
33927;33624;
33927;33623;
33927;33623;
33928;33623;
33928;33624;
33928;33623;
33927;33623;
33927;33623;
33927;33624;
33927;33623;
33927;33623;
33927;33623;
33927;33624;
33927;33623;
33928;33623;
33928;33624;
33928;33625;
33928;33625;
33928;33625;
33929;33625;
33929;33625;
33929;33625;
33929;33625;
33929;33625;
33930;33625;
33929;33625;
33929;33625;
33928;33625;
33928;33626;
33928;33626;
33928;33625;
33928;33625;
33928;33625;
33928;33625;
33929;33625;
33929;33625;
33929;33624;
33929;33624;
33928;33624;
33928;33624;
33928;33624;
33928;33624;
33928;33624;
33928;33623;
33929;33623;
33929;33623;
33929;33623;
33929;33624;
33929;33625;
33929;33624;
33929;33625;
33929;33625;
33929;33625;
33929;33625;
33929;33624;
33929;33624;
33929;33623;
33929;33623;
33929;33623;
33929;33623;
33929;33623;
33929;33623;
33929;33624;
33929;33624;
33929;33624;
33929;33624;
33929;33624;
33929;33623;
33930;33623;
33930;33623;
33930;33623;
33930;33623;
33930;33623;
33930;33623;
33930;33623;
33930;33623;
33930;33623;
33930;33624;
33929;33624;
33929;33624;
33928;33624;
33928;33624;
33928;33623;
33929;33623;
33929;33623;
33929;33623;
33929;33623;
33929;33623;
33929;33624;
33929;33623;
33929;33623;
33929;33624;
33929;33624;
33930;33624;
33929;33623;
33929;33623;
33929;33623;
33928;33623;
33928;33623;
33928;33623;
33927;33622;
33928;33622;
33928;33622;
33928;33622;
33928;33622;
33928;33623;
33927;33624;
33927;33624;
33928;33624;
33927;33624;
33927;33624;
33927;33624;
33928;33624;
33928;33624;
33928;33624;
33929;33623;
33930;33623;
33930;33624;
33929;33623;
33929;33624;
33929;33624;
33929;33625;
33928;33625;
33928;33625;
33928;33625;
33928;33625;
33928;33626;
33928;33626;
33928;33625;
33928;33625;
33928;33625;
33928;33624;
33927;33624;
33927;33624;
33927;33624;
33927;33624;
33927;33624;
33928;33624;
33928;33624;
33928;33624;
33928;33624;
33928;33624;
33928;33624;
33928;33624;
33928;33624;
33928;33624;
33928;33624;
33928;33624;
33928;33624;
33928;33624;
33929;33624;
33929;33625;
33929;33625;
33929;33625;
33929;33625;
33929;33625;
33929;33624;
33930;33624;
33929;33624;
33929;33624;
33929;33624;
33929;33624;
33929;33624;
33929;33625;
33929;33625;
33928;33625;
33928;33625;
33928;33625;
33928;33625;
33928;33624;
33927;33624;
33927;33624;
33928;33623;
33927;33623;
33927;33623;
33927;33623;
33927;33623;
33927;33623;
33927;33623;
33927;33623;
33927;33623;
33927;33623;
33927;33623;
33928;33623;
33929;33623;
33929;33623;
33929;33623;
33928;33623;
33928;33624;
33928;33624;
33928;33624;
33928;33624;
33928;33624;
33928;33624;
33928;33624;
33928;33624;
33929;33624;
33929;33624;
33929;33624;
33929;33624;
33928;33624;
33928;33624;
33928;33624;
33928;33624;
33928;33624;
33928;33624;
33928;33624;
33928;33624;
33928;33624;
33928;33624;
33928;33624;
33927;33624;
33927;33624;
33927;33624;
33926;33624;
33926;33624;
33926;33625;
33926;33624;
33926;33624;
33927;33625;
33927;33625;
33926;33625;
33927;33624;
33927;33624;
33927;33624;
33927;33624;
33927;33623;
33927;33622;
33927;33622;
33927;33622;
33927;33622;
33927;33621;
33927;33622;
33927;33622;
33927;33622;
33927;33622;
33927;33622;
33927;33622;
33927;33621;
33928;33622;
33928;33622;
33927;33622;
33927;33622;
33927;33623;
33927;33623;
33927;33623;
33927;33623;
33928;33622;
33928;33623;
33928;33623;
33928;33623;
33928;33623;
33928;33623;
33928;33623;
33928;33623;
33927;33623;
33928;33623;
33928;33624;
33929;33624;
33929;33624;
33929;33624;
33929;33624;
33929;33624;
33928;33624;
33929;33624;
33929;33624;
33929;33624;
33929;33625;
33929;33625;
33929;33625;
33929;33625;
33929;33624;
33929;33624;
33929;33624;
33928;33624;
33928;33624;
33928;33625;
33928;33625;
33929;33625;
33928;33625;
33929;33624;
33929;33624;
33929;33624;
33929;33625;
33929;33624;
33928;33624;
33928;33624;
33928;33624;
33929;33624;
33929;33623;
33929;33624;
33929;33623;
33929;33623;
33929;33623;
33929;33623;
33929;33623;
33929;33623;
33929;33622;
33929;33622;
33929;33622;
33928;33622;
33928;33623;
33928;33623;
33928;33623;
33928;33623;
33928;33623;
33928;33623;
33928;33623;
33928;33623;
33928;33623;
33928;33623;
33928;33623;
33928;33622;
33928;33622;
33928;33622;
33928;33622;
33928;33622;
33928;33622;
33928;33622;
33928;33622;
33928;33622;
33928;33623;
33928;33622;
33928;33622;
33928;33622;
33927;33623;
33927;33623;
33927;33623;
33927;33623;
33927;33624;
33928;33624;
33928;33624;
33928;33623;
33929;33623;
33929;33623;
33929;33623;
33929;33624;
33929;33624;
33929;33623;
33929;33623;
33929;33623;
33929;33623;
33929;33623;
33929;33623;
33928;33623;
33928;33622;
33928;33623;
33927;33622;
33927;33622;
33927;33622;
33927;33623;
33927;33623;
33927;33623;
33927;33623;
33927;33623;
33927;33623;
33927;33623;
33927;33623;
33928;33623;
33928;33623;
33928;33624;
33928;33623;
33928;33623;
33928;33623;
33928;33623;
33928;33623;
33927;33623;
33927;33623;
33927;33623;
33927;33623;
33927;33623;
33928;33623;
33927;33623;
33927;33623;
33927;33623;
33927;33623;
33927;33623;
33927;33623;
33927;33624;
33927;33624;
33927;33624;
33927;33623;
33927;33623;
33927;33623;
33927;33623;
33928;33623;
33928;33622;
33928;33622;
33928;33622;
33928;33622;
33928;33622;
33928;33622;
33928;33622;
33928;33622;
33928;33622;
33929;33622;
33929;33623;
33928;33622;
33928;33622;
33928;33622;
33928;33622;
33928;33623;
33927;33623;
33928;33623;
33927;33623;
33927;33624;
33927;33624;
33927;33623;
33927;33623;
33927;33623;
33927;33622;
33927;33623;
33927;33622;
33927;33623;
33927;33623;
33927;33624;
33927;33624;
33927;33625;
33928;33624;
33928;33624;
33928;33624;
33928;33624;
33928;33624;
33928;33624;
33928;33623;
33929;33622;
33929;33623;
33928;33623;
33928;33624;
33928;33624;
33928;33624;
33928;33624;
33929;33624;
33928;33623;
33928;33623;
33928;33623;
33929;33623;
33928;33623;
33928;33623;
33928;33623;
33929;33623;
33929;33623;
33929;33623;
33929;33623;
33928;33623;
33928;33623;
33928;33623;
33928;33623;
33927;33623;
33927;33623;
33927;33623;
33928;33623;
33928;33623;
33927;33623;
33928;33623;
33928;33623;
33928;33624;
33928;33624;
33928;33624;
33928;33624;
33928;33624;
33929;33624;
33929;33624;
33929;33624;
33928;33624;
33928;33623;
33928;33623;
33928;33623;
33928;33624;
33928;33624;
33928;33624;
33928;33624;
33928;33624;
33928;33624;
33928;33624;
33928;33623;
33928;33623;
33928;33623;
33928;33623;
33928;33624;
33928;33624;
33929;33624;
33929;33624;
33930;33625;
33930;33625;
33930;33625;
33930;33624;
33930;33624;
33930;33624;
33930;33624;
33930;33624;
33930;33624;
33930;33623;
33930;33623;
33930;33623;
33930;33622;
33929;33622;
33930;33622;
33930;33622;
33930;33622;
33930;33623;
33929;33623;
33929;33624;
33928;33624;
33928;33624;
33928;33624;
33928;33624;
33929;33624;
33929;33624;
33929;33624;
33928;33625;
33928;33625;
33928;33625;
33928;33624;
33928;33624;
33929;33623;
33928;33623;
33929;33623;
33929;33623;
33928;33623;
33928;33623;
33929;33623;
33929;33623;
33929;33622;
33928;33622;
33928;33622;
33928;33622;
33928;33623;
33928;33623;
33928;33623;
33929;33623;
33929;33623;
33929;33623;
33929;33623;
33929;33623;
33929;33624;
33929;33623;
33929;33623;
33929;33624;
33929;33624;
33929;33624;
33929;33624;
33928;33624;
33929;33624;
33929;33624;
33929;33624;
33929;33624;
33929;33624;
33929;33624;
33929;33624;
33929;33624;
33928;33624;
33929;33624;
33929;33624;
33929;33624;
33929;33624;
33929;33623;
33930;33623;
33929;33623;
33929;33623;
33930;33623;
33930;33622;
33929;33622;
33929;33622;
33929;33622;
33929;33622;
33930;33622;
33930;33622;
33929;33623;
33929;33623;
33928;33622;
33929;33623;
33929;33623;
33929;33623;
33929;33623;
33929;33623;
33929;33623;
33929;33623;
33929;33623;
33929;33623;
33929;33623;
33929;33623;
33929;33623;
33929;33622;
33929;33622;
33929;33622;
33928;33622;
33928;33622;
33928;33622;
33928;33622;
33927;33621;
33927;33621;
33927;33622;
33927;33622;
33928;33622;
33928;33622;
33927;33622;
33928;33622;
33928;33622;
33928;33622;
33929;33622;
33928;33622;
33928;33622;
33928;33622;
33929;33622;
33929;33622;
33929;33622;
33929;33623;
33929;33623;
33929;33624;
33929;33624;
33929;33624;
33929;33623;
33929;33623;
33930;33623;
33930;33623;
33930;33622;
33930;33622;
33930;33622;
33930;33622;
33930;33622;
33930;33621;
33930;33621;
33930;33620;
33931;33620;
33930;33620;
33930;33620;
33930;33621;
33930;33621;
33929;33621;
33929;33621;
33929;33621;
33929;33622;
33929;33622;
33928;33622;
33928;33623;
33928;33622;
33928;33622;
33928;33622;
33928;33623;
33928;33623;
33927;33622;
33927;33622;
33928;33623;
33928;33623;
33927;33623;
33927;33623;
33928;33622;
33928;33622;
33928;33622;
33928;33622;
33928;33622;
33929;33622;
33928;33622;
33928;33623;
33928;33622;
33928;33622;
33928;33622;
33928;33622;
33928;33622;
33928;33621;
33928;33622;
33928;33621;
33928;33621;
33928;33621;
33928;33620;
33928;33620;
33928;33619;
33928;33619;
33928;33619;
33928;33620;
33928;33620;
33928;33621;
33929;33621;
33929;33621;
33929;33621;
33929;33621;
33930;33621;
33930;33622;
33930;33622;
33930;33622;
33930;33622;
33929;33622;
33929;33622;
33929;33622;
33929;33622;
33928;33622;
33928;33622;
33928;33622;
33927;33622;
33928;33622;
33928;33622;
33928;33622;
33928;33622;
33928;33622;
33928;33621;
33928;33621;
33928;33622;
33927;33621;
33927;33622;
33927;33621;
33927;33621;
33928;33622;
33928;33622;
33928;33623;
33928;33623;
33928;33623;
33928;33624;
33928;33623;
33928;33623;
33928;33623;
33928;33623;
33928;33623;
33928;33623;
33928;33622;
33928;33622;
33928;33623;
33928;33623;
33928;33623;
33928;33623;
33928;33623;
33928;33623;
33928;33623;
33928;33623;
33928;33623;
33928;33623;
33927;33623;
33928;33624;
33927;33624;
33927;33624;
33927;33623;
33927;33624;
33927;33623;
33927;33623;
33927;33623;
33927;33624;
33927;33623;
33927;33623;
33927;33623;
33927;33623;
33927;33623;
33927;33624;
33927;33624;
33927;33623;
33927;33623;
33927;33624;
33927;33624;
33927;33624;
33927;33623;
33927;33623;
33927;33622;
33927;33623;
33927;33623;
33927;33623;
33927;33623;
33928;33623;
33928;33623;
33928;33623;
33928;33623;
33928;33623;
33929;33623;
33928;33623;
33928;33623;
33928;33623;
33928;33623;
33928;33623;
33928;33623;
33929;33623;
33929;33623;
33929;33623;
33929;33622;
33929;33622;
33929;33622;
33929;33621;
33928;33621;
33928;33621;
33928;33621;
33929;33621;
33929;33621;
33929;33621;
33929;33622;
33928;33622;
33928;33623;
33928;33623;
33928;33623;
33928;33623;
33928;33623;
33928;33623;
33928;33623;
33928;33623;
33928;33623;
33928;33623;
33928;33623;
33928;33623;
33928;33623;
33928;33623;
33928;33623;
33928;33622;
33927;33622;
33927;33623;
33928;33622;
33927;33623;
33928;33622;
33928;33622;
33928;33623;
33928;33623;
33928;33623;
33927;33623;
33927;33623;
33928;33622;
33928;33622;
33928;33622;
33928;33622;
33928;33622;
33928;33621;
33929;33621;
33929;33621;
33929;33621;
33929;33622;
33929;33623;
33929;33622;
33929;33622;
33929;33621;
33928;33621;
33928;33621;
33928;33621;
33928;33621;
33927;33621;
33927;33621;
33927;33621;
33927;33620;
33927;33620;
33928;33620;
33928;33620;
33928;33621;
33928;33621;
33928;33621;
33928;33621;
33928;33621;
33928;33621;
33929;33621;
33928;33621;
33928;33621;
33928;33621;
33927;33621;
33927;33621;
33927;33620;
33927;33621;
33927;33621;
33927;33621;
33928;33621;
33928;33621;
33928;33621;
33928;33620;
33928;33620;
33928;33621;
33928;33621;
33928;33621;
33927;33621;
33927;33621;
33927;33621;
33927;33621;
33928;33621;
33928;33621;
33928;33621;
33928;33621;
33928;33620;
33928;33620;
33927;33620;
33927;33620;
33927;33621;
33928;33621;
33928;33621;
33928;33621;
33928;33621;
33929;33621;
33929;33621;
33929;33621;
33929;33621;
33929;33621;
33930;33621;
33930;33621;
33930;33621;
33930;33621;
33930;33621;
33930;33621;
33930;33621;
33930;33622;
33929;33622;
33929;33622;
33930;33622;
33930;33622;
33930;33623;
33930;33623;
33930;33623;
33929;33623;
33929;33623;
33929;33623;
33929;33623;
33929;33623;
33929;33623;
33929;33623;
33929;33623;
33929;33623;
33929;33623;
33929;33623;
33929;33623;
33929;33622;
33929;33622;
33929;33623;
33929;33622;
33929;33622;
33929;33622;
33929;33621;
33929;33621;
33930;33621;
33930;33621;
33930;33621;
33929;33621;
33929;33621;
33928;33621;
33928;33621;
33928;33621;
33928;33621;
33927;33621;
33926;33621;
33926;33622;
33926;33622;
33926;33622;
33926;33622;
33927;33622;
33927;33622;
33928;33622;
33928;33621;
33928;33620;
33928;33620;
33928;33620;
33928;33620;
33929;33620;
33929;33620;
33929;33620;
33929;33619;
33929;33620;
33929;33619;
33928;33620;
33928;33620;
33928;33621;
33928;33621;
33928;33621;
33928;33621;
33928;33621;
33928;33620;
33928;33620;
33928;33620;
33928;33620;
33928;33620;
33928;33620;
33928;33620;
33928;33620;
33928;33620;
33928;33620;
33928;33620;
33928;33620;
33928;33620;
33928;33620;
33928;33621;
33928;33620;
33928;33620;
33927;33620;
33927;33621;
33927;33621;
33927;33622;
33927;33622;
33927;33621;
33927;33621;
33927;33622;
33927;33622;
33928;33622;
33928;33622;
33928;33623;
33928;33622;
33927;33622;
33927;33622;
33927;33622;
33927;33622;
33927;33622;
33927;33622;
33927;33622;
33927;33622;
33927;33622;
33927;33622;
33928;33622;
33928;33622;
33928;33622;
33929;33621;
33929;33621;
33929;33621;
33929;33621;
33929;33621;
33929;33621;
33928;33621;
33928;33621;
33928;33621;
33928;33621;
33928;33621;
33928;33620;
33929;33620;
33929;33620;
33929;33620;
33929;33620;
33928;33620;
33929;33620;
33929;33620;
33929;33620;
33929;33620;
33929;33620;
33929;33619;
33928;33619;
33928;33619;
33928;33619;
33928;33619;
33927;33619;
33927;33620;
33928;33620;
33928;33620;
33928;33620;
33928;33620;
33928;33620;
33928;33620;
33928;33621;
33928;33621;
33928;33621;
33928;33621;
33928;33621;
33927;33621;
33927;33621;
33927;33621;
33928;33621;
33928;33621;
33928;33621;
33929;33621;
33929;33621;
33929;33621;
33929;33621;
33929;33620;
33929;33620;
33929;33620;
33929;33619;
33929;33619;
33929;33619;
33929;33619;
33929;33619;
33929;33619;
33930;33619;
33930;33619;
33929;33620;
33929;33621;
33928;33621;
33928;33621;
33928;33622;
33927;33621;
33928;33621;
33927;33621;
33927;33622;
33927;33622;
33927;33622;
33927;33622;
33928;33622;
33928;33621;
33928;33621;
33928;33620;
33928;33620;
33928;33621;
33928;33621;
33928;33621;
33928;33620;
33928;33620;
33928;33620;
33928;33621;
33928;33621;
33928;33620;
33927;33620;
33927;33620;
33927;33620;
33927;33620;
33927;33620;
33928;33620;
33927;33620;
33928;33620;
33927;33620;
33927;33620;
33927;33620;
33927;33620;
33927;33620;
33927;33620;
33928;33620;
33928;33620;
33927;33621;
33927;33621;
33927;33621;
33927;33621;
33927;33621;
33926;33621;
33927;33620;
33927;33620;
33927;33620;
33927;33621;
33927;33620;
33927;33620;
33927;33620;
33927;33620;
33927;33620;
33927;33620;
33927;33619;
33927;33619;
33928;33619;
33928;33619;
33929;33619;
33928;33619;
33928;33619;
33928;33619;
33928;33619;
33928;33619;
33929;33620;
33929;33619;
33929;33619;
33929;33619;
33929;33619;
33929;33619;
33929;33619;
33928;33620;
33928;33620;
33928;33621;
33928;33621;
33928;33621;
33928;33621;
33928;33621;
33928;33622;
33928;33622;
33927;33621;
33927;33621;
33927;33621;
33927;33620;
33927;33620;
33927;33620;
33927;33621;
33927;33621;
33928;33621;
33928;33621;
33928;33620;
33928;33620;
33928;33621;
33928;33621;
33928;33620;
33927;33620;
33928;33620;
33928;33620;
33927;33621;
33927;33621;
33927;33621;
33926;33621;
33926;33621;
33927;33621;
33927;33621;
33927;33621;
33928;33621;
33927;33621;
33928;33620;
33928;33620;
33927;33620;
33927;33621;
33926;33621;
33926;33621;
33926;33621;
33926;33621;
33926;33621;
33926;33621;
33926;33621;
33927;33622;
33927;33622;
33927;33622;
33927;33621;
33927;33621;
33926;33621;
33926;33621;
33926;33621;
33925;33621;
33925;33621;
33925;33621;
33925;33621;
33926;33621;
33926;33621;
33926;33621;
33925;33621;
33925;33621;
33926;33622;
33925;33621;
33926;33621;
33926;33621;
33926;33621;
33927;33620;
33927;33620;
33927;33621;
33927;33621;
33927;33621;
33928;33621;
33928;33621;
33928;33621;
33928;33621;
33928;33621;
33928;33621;
33928;33620;
33928;33620;
33928;33621;
33928;33621;
33928;33621;
33928;33621;
33927;33621;
33927;33621;
33928;33621;
33928;33621;
33928;33621;
33928;33622;
33928;33621;
33928;33621;
33928;33621;
33929;33621;
33929;33621;
33929;33622;
33929;33621;
33928;33621;
33928;33621;
33929;33621;
33929;33621;
33929;33621;
33929;33621;
33929;33621;
33928;33621;
33928;33622;
33928;33621;
33927;33621;
33927;33621;
33927;33621;
33927;33621;
33928;33621;
33928;33621;
33928;33621;
33928;33621;
33928;33621;
33928;33621;
33928;33622;
33928;33621;
33928;33621;
33928;33620;
33928;33620;
33928;33620;
33928;33620;
33928;33619;
33927;33619;
33927;33620;
33927;33620;
33927;33620;
33927;33620;
33927;33620;
33927;33620;
33927;33620;
33928;33620;
33928;33620;
33928;33620;
33928;33620;
33928;33621;
33928;33621;
33929;33621;
33929;33621;
33928;33621;
33928;33621;
33928;33621;
33928;33621;
33928;33622;
33928;33622;
33928;33622;
33928;33622;
33928;33622;
33928;33622;
33928;33621;
33928;33621;
33928;33621;
33928;33621;
33928;33621;
33928;33621;
33928;33621;
33928;33621;
33928;33622;
33927;33622;
33927;33622;
33926;33622;
33926;33622;
33925;33622;
33925;33622;
33925;33622;
33926;33622;
33926;33622;
33927;33622;
33927;33621;
33926;33621;
33926;33621;
33926;33621;
33926;33621;
33926;33621;
33926;33621;
33926;33621;
33927;33621;
33927;33621;
33927;33622;
33927;33621;
33927;33622;
33927;33622;
33927;33622;
33926;33622;
33927;33622;
33927;33622;
33928;33622;
33928;33622;
33928;33623;
33928;33623;
33928;33623;
33928;33623;
33928;33623;
33928;33623;
33928;33622;
33928;33622;
33928;33621;
33929;33621;
33928;33621;
33929;33621;
33929;33621;
33929;33621;
33929;33621;
33929;33621;
33929;33620;
33928;33621;
33928;33621;
33928;33621;
33928;33621;
33928;33622;
33927;33622;
33927;33623;
33928;33623;
33927;33622;
33927;33622;
33927;33622;
33927;33622;
33927;33622;
33927;33621;
33927;33621;
33927;33621;
33927;33621;
33927;33621;
33927;33621;
33926;33621;
33926;33621;
33926;33621;
33926;33621;
33927;33621;
33927;33621;
33927;33621;
33927;33621;
33928;33620;
33928;33620;
33928;33620;
33928;33620;
33928;33619;
33928;33620;
33928;33619;
33928;33619;
33929;33619;
33928;33619;
33928;33619;
33928;33619;
33927;33619;
33927;33619;
33927;33619;
33927;33620;
33927;33620;
33927;33620;
33927;33621;
33927;33621;
33928;33621;
33928;33621;
33928;33621;
33928;33622;
33928;33622;
33928;33621;
33928;33621;
33927;33621;
33927;33621;
33927;33621;
33927;33621;
33927;33621;
33926;33620;
33927;33620;
33927;33621;
33927;33620;
33928;33620;
33928;33620;
33928;33621;
33929;33620;
33928;33620;
33928;33620;
33927;33621;
33927;33621;
33927;33621;
33927;33621;
33927;33621;
33927;33621;
33927;33620;
33928;33621;
33928;33621;
33928;33621;
33928;33621;
33928;33621;
33928;33621;
33928;33621;
33928;33621;
33928;33622;
33928;33622;
33928;33622;
33928;33621;
33928;33621;
33928;33621;
33928;33621;
33928;33621;
33928;33620;
33928;33620;
33928;33620;
33928;33620;
33928;33620;
33928;33620;
33928;33619;
33928;33619;
33928;33619;
33929;33619;
33928;33619;
33928;33620;
33928;33619;
33928;33620;
33929;33619;
33929;33618;
33929;33619;
33929;33619;
33929;33619;
33929;33620;
33929;33620;
33929;33620;
33928;33620;
33928;33620;
33927;33619;
33927;33619;
33927;33619;
33928;33619;
33928;33619;
33928;33619;
33928;33619;
33928;33619;
33928;33618;
33928;33618;
33928;33619;
33927;33619;
33927;33619;
33927;33619;
33928;33619;
33927;33619;
33928;33619;
33928;33619;
33928;33619;
33927;33619;
33927;33619;
33927;33619;
33927;33620;
33927;33620;
33927;33620;
33927;33620;
33927;33620;
33927;33619;
33926;33620;
33926;33619;
33926;33619;
33926;33619;
33926;33619;
33926;33619;
33926;33618;
33926;33619;
33926;33619;
33927;33620;
33927;33620;
33927;33620;
33926;33621;
33927;33621;
33927;33620;
33927;33620;
33927;33619;
33927;33619;
33927;33619;
33928;33619;
33928;33619;
33928;33619;
33929;33619;
33929;33620;
33928;33620;
33928;33620;
33929;33620;
33928;33621;
33928;33621;
33928;33621;
33928;33620;
33928;33620;
33928;33621;
33928;33621;
33928;33621;
33928;33620;
33928;33620;
33929;33620;
33929;33620;
33929;33620;
33929;33620;
33928;33620;
33928;33620;
33928;33620;
33928;33620;
33928;33620;
33928;33620;
33928;33620;
33928;33620;
33928;33620;
33928;33620;
33927;33620;
33927;33620;
33927;33620;
33927;33620;
33927;33620;
33927;33620;
33927;33620;
33927;33620;
33927;33621;
33927;33621;
33927;33621;
33927;33621;
33927;33621;
33927;33621;
33927;33621;
33927;33621;
33927;33621;
33926;33621;
33926;33621;
33926;33620;
33926;33620;
33927;33620;
33927;33620;
33927;33620;
33927;33620;
33927;33620;
33927;33620;
33927;33621;
33927;33621;
33928;33621;
33928;33621;
33928;33621;
33928;33620;
33928;33620;
33927;33620;
33927;33620;
33927;33620;
33927;33620;
33927;33620;
33928;33620;
33928;33620;
33928;33621;
33928;33620;
33928;33620;
33928;33620;
33927;33620;
33927;33619;
33927;33619;
33927;33619;
33927;33619;
33927;33619;
33928;33619;
33928;33619;
33928;33618;
33928;33618;
33928;33618;
33928;33619;
33928;33619;
33929;33619;
33929;33619;
33929;33619;
33929;33619;
33928;33619;
33928;33619;
33928;33619;
33928;33619;
33928;33619;
33929;33619;
33929;33619;
33928;33620;
33928;33620;
33928;33620;
33928;33620;
33928;33620;
33927;33620;
33928;33620;
33928;33620;
33927;33620;
33927;33620;
33927;33620;
33927;33620;
33927;33620;
33927;33619;
33927;33619;
33927;33619;
33927;33619;
33927;33619;
33926;33620;
33926;33620;
33927;33619;
33927;33619;
33927;33619;
33928;33619;
33928;33619;
33928;33620;
33928;33620;
33928;33620;
33928;33620;
33928;33620;
33928;33620;
33928;33620;
33928;33619;
33928;33619;
33928;33619;
33929;33619;
33929;33619;
33929;33619;
33929;33619;
33929;33618;
33929;33618;
33928;33618;
33929;33617;
33929;33617;
33930;33616;
33930;33616;
33929;33616;
33930;33616;
33930;33615;
33930;33615;
33929;33615;
33929;33614;
33928;33613;
33928;33612;
33928;33611;
33928;33610;
33928;33609;
33928;33608;
33928;33607;
33928;33607;
33928;33606;
33928;33605;
33928;33605;
33928;33604;
33928;33604;
33928;33604;
33928;33604;
33927;33605;
33928;33605;
33928;33606;
33928;33606;
33927;33606;
33927;33606;
33928;33606;
33928;33606;
33928;33607;
33928;33607;
33927;33607;
33927;33608;
33927;33609;
33927;33610;
33927;33611;
33926;33611;
33926;33612;
33926;33612;
33926;33612;
33926;33612;
33926;33612;
33927;33613;
33927;33613;
33927;33613;
33927;33613;
33927;33613;
33927;33613;
33927;33613;
33926;33614;
33926;33613;
33926;33614;
33927;33614;
33927;33614;
33927;33615;
33927;33615;
33926;33615;
33926;33616;
33926;33616;
33926;33617;
33926;33617;
33926;33617;
33926;33618;
33926;33617;
33926;33617;
33926;33617;
33926;33617;
33926;33617;
33926;33618;
33926;33618;
33926;33618;
33926;33619;
33927;33619;
33927;33618;
33927;33618;
33926;33618;
33927;33619;
33927;33619;
33927;33619;
33927;33619;
33927;33619;
33927;33619;
33928;33619;
33928;33618;
33928;33618;
33928;33618;
33929;33619;
33929;33619;
33928;33619;
33928;33619;
33928;33619;
33928;33619;
33928;33619;
33927;33619;
33927;33618;
33927;33618;
33928;33619;
33928;33619;
33928;33618;
33928;33619;
33928;33618;
33928;33619;
33928;33619;
33927;33619;
33927;33619;
33927;33620;
33927;33619;
33927;33619;
33927;33619;
33928;33619;
33928;33619;
33927;33619;
33927;33619;
33927;33620;
33928;33620;
33928;33621;
33928;33621;
33928;33621;
33928;33621;
33927;33621;
33927;33621;
33927;33621;
33926;33621;
33926;33621;
33926;33621;
33926;33621;
33926;33621;
33926;33621;
33926;33620;
33927;33620;
33927;33620;
33927;33620;
33926;33620;
33926;33620;
33926;33621;
33926;33620;
33926;33620;
33927;33620;
33927;33620;
33927;33620;
33927;33621;
33927;33621;
33927;33621;
33927;33621;
33926;33621;
33926;33621;
33926;33621;
33926;33621;
33926;33622;
33926;33622;
33927;33622;
33927;33621;
33926;33621;
33926;33620;
33927;33620;
33927;33620;
33927;33620;
33927;33620;
33927;33620;
33927;33619;
33927;33620;
33927;33620;
33927;33619;
33927;33619;
33926;33619;
33926;33618;
33926;33618;
33926;33618;
33926;33618;
33926;33618;
33926;33619;
33926;33619;
33926;33620;
33927;33620;
33927;33620;
33928;33620;
33927;33619;
33927;33619;
33927;33620;
33927;33620;
33927;33620;
33927;33619;
33927;33619;
33927;33620;
33927;33620;
33926;33620;
33926;33620;
33926;33620;
33926;33620;
33926;33619;
33926;33620;
33926;33620;
33926;33620;
33927;33621;
33927;33621;
33927;33621;
33926;33620;
33926;33620;
33926;33620;
33927;33619;
33927;33619;
33927;33619;
33927;33619;
33927;33619;
33927;33620;
33927;33620;
33928;33620;
33928;33620;
33928;33620;
33928;33619;
33928;33620;
33928;33620;
33928;33620;
33929;33620;
33929;33620;
33928;33620;
33928;33619;
33928;33619;
33929;33619;
33929;33619;
33929;33619;
33928;33620;
33928;33620;
33928;33620;
33928;33620;
33928;33619;
33928;33619;
33927;33620;
33927;33620;
33927;33620;
33927;33619;
33928;33620;
33928;33619;
33928;33619;
33928;33619;
33927;33619;
33928;33619;
33927;33619;
33927;33618;
33927;33618;
33927;33617;
33927;33617;
33927;33617;
33927;33617;
33927;33617;
33927;33617;
33927;33617;
33927;33618;
33927;33618;
33928;33618;
33928;33617;
33928;33617;
33928;33618;
33927;33618;
33927;33618;
33927;33618;
33927;33619;
33927;33619;
33926;33620;
33927;33620;
33927;33619;
33927;33619;
33927;33619;
33927;33619;
33927;33618;
33927;33618;
33927;33618;
33926;33619;
33926;33619;
33926;33619;
33926;33619;
33926;33619;
33926;33619;
33927;33618;
33927;33618;
33927;33619;
33927;33619;
33928;33619;
33927;33619;
33927;33619;
33927;33620;
33927;33619;
33928;33620;
33928;33620;
33928;33620;
33928;33620;
33928;33621;
33928;33621;
33928;33621;
33928;33620;
33928;33621;
33928;33621;
33928;33620;
33928;33620;
33927;33621;
33927;33621;
33927;33621;
33927;33621;
33927;33622;
33927;33622;
33927;33622;
33927;33622;
33927;33621;
33927;33621;
33927;33621;
33927;33621;
33927;33621;
33927;33621;
33928;33621;
33927;33621;
33927;33621;
33927;33621;
33928;33621;
33928;33622;
33928;33622;
33928;33622;
33928;33621;
33928;33621;
33928;33620;
33928;33621;
33928;33621;
33928;33620;
33928;33620;
33928;33620;
33928;33620;
33928;33619;
33928;33619;
33928;33619;
33928;33619;
33928;33620;
33928;33619;
33928;33620;
33928;33619;
33927;33620;
33927;33619;
33927;33619;
33926;33619;
33926;33619;
33926;33619;
33926;33619;
33926;33619;
33926;33619;
33926;33619;
33926;33618;
33926;33618;
33927;33619;
33927;33619;
33927;33619;
33927;33619;
33927;33618;
33927;33618;
33927;33618;
33927;33618;
33928;33618;
33928;33619;
33928;33619;
33928;33619;
33928;33619;
33928;33620;
33928;33620;
33928;33620;
33927;33621;
33927;33621;
33927;33621;
33927;33621;
33927;33621;
33927;33620;
33927;33620;
33927;33619;
33927;33620;
33927;33620;
33927;33620;
33927;33620;
33927;33620;
33927;33620;
33927;33620;
33927;33619;
33927;33620;
33927;33620;
33927;33620;
33927;33620;
33927;33620;
33927;33620;
33928;33620;
33928;33621;
33928;33621;
33928;33621;
33928;33621;
33928;33621;
33928;33620;
33927;33620;
33927;33620;
33927;33620;
33927;33621;
33927;33621;
33927;33621;
33927;33621;
33927;33621;
33928;33621;
33928;33621;
33928;33621;
33927;33620;
33927;33620;
33927;33620;
33928;33620;
33928;33621;
33928;33621;
33928;33621;
33928;33621;
33927;33621;
33927;33620;
33927;33620;
33927;33620;
33927;33619;
33927;33619;
33927;33619;
33927;33619;
33927;33619;
33926;33619;
33927;33619;
33927;33619;
33927;33618;
33928;33618;
33927;33619;
33927;33619;
33927;33619;
33927;33619;
33927;33619;
33927;33619;
33927;33619;
33927;33619;
33927;33619;
33926;33619;
33926;33619;
33927;33619;
33927;33619;
33927;33619;
33927;33619;
33927;33619;
33926;33619;
33926;33619;
33926;33619;
33926;33619;
33926;33619;
33926;33619;
33926;33618;
33925;33619;
33925;33619;
33925;33619;
33925;33619;
33925;33619;
33925;33619;
33926;33619;
33926;33619;
33926;33618;
33926;33618;
33926;33618;
33926;33619;
33927;33619;
33927;33619;
33926;33619;
33927;33619;
33927;33619;
33926;33619;
33926;33619;
33926;33619;
33927;33619;
33927;33619;
33926;33619;
33927;33619;
33927;33619;
33927;33619;
33927;33619;
33927;33620;
33928;33619;
33928;33619;
33928;33618;
33929;33619;
33929;33619;
33928;33618;
33928;33618;
33928;33618;
33927;33618;
33927;33618;
33926;33617;
33926;33618;
33926;33618;
33926;33618;
33927;33618;
33927;33618;
33927;33618;
33927;33619;
33927;33619;
33927;33619;
33927;33618;
33927;33618;
33927;33618;
33927;33618;
33927;33617;
33926;33617;
33927;33617;
33927;33618;
33927;33618;
33926;33618;
33926;33619;
33926;33619;
33926;33620;
33926;33620;
33926;33620;
33927;33620;
33927;33620;
33927;33620;
33927;33620;
33927;33619;
33927;33619;
33927;33619;
33928;33619;
33928;33619;
33928;33619;
33928;33618;
33928;33618;
33928;33618;
33928;33618;
33928;33618;
33928;33618;
33927;33618;
33927;33618;
33927;33619;
33927;33619;
33928;33619;
33928;33619;
33928;33619;
33928;33619;
33929;33619;
33929;33619;
33928;33619;
33928;33620;
33928;33619;
33927;33618;
33927;33619;
33927;33618;
33928;33618;
33928;33619;
33928;33618;
33927;33618;
33928;33618;
33928;33619;
33928;33619;
33928;33618;
33928;33619;
33928;33620;
33928;33620;
33928;33620;
33928;33620;
33928;33620;
33928;33621;
33927;33621;
33927;33621;
33927;33621;
33927;33621;
33927;33621;
33927;33620;
33927;33620;
33927;33620;
33927;33620;
33927;33620;
33927;33620;
33926;33620;
33926;33620;
33926;33620;
33926;33619;
33926;33619;
33926;33620;
33926;33620;
33926;33620;
33927;33621;
33927;33621;
33927;33620;
33927;33620;
33927;33620;
33928;33620;
33927;33620;
33927;33620;
33927;33620;
33927;33620;
33927;33620;
33927;33620;
33927;33620;
33927;33621;
33927;33620;
33927;33620;
33927;33619;
33927;33619;
33927;33620;
33926;33620;
33926;33620;
33926;33621;
33926;33621;
33926;33621;
33926;33621;
33926;33621;
33927;33621;
33927;33621;
33928;33621;
33927;33621;
33927;33622;
33927;33622;
33927;33622;
33927;33622;
33927;33621;
33926;33621;
33926;33620;
33926;33620;
33927;33621;
33927;33620;
33926;33620;
33926;33620;
33926;33620;
33926;33620;
33926;33620;
33926;33620;
33926;33620;
33926;33620;
33926;33620;
33926;33619;
33926;33619;
33925;33619;
33926;33619;
33926;33619;
33926;33619;
33926;33619;
33926;33619;
33926;33619;
33926;33620;
33926;33620;
33926;33621;
33925;33621;
33925;33621;
33925;33621;
33925;33620;
33925;33620;
33925;33620;
33926;33620;
33926;33620;
33926;33620;
33926;33621;
33926;33621;
33925;33621;
33925;33621;
33926;33622;
33926;33621;
33926;33621;
33927;33621;
33927;33621;
33927;33621;
33927;33620;
33927;33620;
33927;33620;
33927;33620;
33928;33620;
33928;33619;
33928;33619;
33928;33619;
33928;33619;
33928;33619;
33928;33619;
33928;33619;
33927;33619;
33927;33619;
33927;33619;
33927;33619;
33927;33619;
33927;33620;
33927;33620;
33927;33619;
33926;33619;
33927;33619;
33926;33619;
33926;33619;
33926;33619;
33926;33619;
33927;33620;
33927;33620;
33927;33620;
33926;33620;
33926;33619;
33926;33619;
33926;33619;
33925;33619;
33926;33619;
33925;33618;
33925;33618;
33925;33618;
33926;33618;
33926;33618;
33926;33619;
33926;33619;
33926;33618;
33926;33618;
33926;33618;
33926;33618;
33926;33618;
33927;33619;
33927;33618;
33927;33619;
33927;33619;
33927;33619;
33927;33619;
33928;33618;
33927;33618;
33927;33618;
33927;33618;
33927;33617;
33927;33618;
33927;33618;
33927;33618;
33927;33618;
33927;33618;
33927;33618;
33927;33618;
33927;33618;
33927;33618;
33927;33618;
33927;33618;
33927;33618;
33927;33618;
33927;33619;
33927;33619;
33927;33618;
33928;33618;
33928;33618;
33927;33617;
33927;33617;
33927;33617;
33927;33617;
33927;33616;
33927;33616;
33928;33616;
33928;33616;
33928;33616;
33928;33616;
33928;33616;
33928;33617;
33928;33617;
33928;33617;
33928;33617;
33927;33617;
33927;33617;
33927;33617;
33927;33617;
33927;33618;
33927;33618;
33927;33618;
33926;33618;
33926;33617;
33926;33617;
33926;33617;
33926;33617;
33926;33617;
33927;33617;
33927;33617;
33927;33618;
33927;33618;
33927;33618;
33927;33618;
33927;33618;
33927;33618;
33927;33618;
33927;33618;
33927;33619;
33926;33619;
33926;33620;
33926;33619;
33925;33619;
33926;33619;
33926;33618;
33926;33617;
33925;33618;
33925;33617;
33926;33617;
33926;33618;
33926;33618;
33926;33618;
33926;33618;
33926;33617;
33926;33617;
33925;33617;
33925;33617;
33926;33617;
33926;33617;
33926;33617;
33926;33617;
33925;33617;
33926;33617;
33926;33617;
33927;33617;
33927;33617;
33927;33616;
33927;33617;
33927;33618;
33927;33618;
33927;33618;
33927;33618;
33927;33618;
33927;33618;
33927;33619;
33928;33618;
33928;33618;
33928;33618;
33928;33619;
33928;33619;
33927;33619;
33927;33619;
33927;33619;
33927;33619;
33927;33619;
33927;33619;
33927;33619;
33927;33619;
33927;33620;
33927;33619;
33927;33619;
33927;33619;
33926;33618;
33926;33618;
33927;33618;
33927;33618;
33927;33618;
33927;33619;
33927;33619;
33927;33618;
33926;33617;
33926;33617;
33926;33618;
33926;33619;
33926;33619;
33926;33618;
33926;33619;
33926;33619;
33926;33618;
33926;33618;
33926;33618;
33926;33618;
33926;33617;
33926;33617;
33926;33618;
33926;33618;
33926;33618;
33926;33618;
33926;33618;
33926;33617;
33926;33617;
33925;33617;
33925;33617;
33925;33617;
33925;33618;
33925;33618;
33925;33618;
33925;33617;
33926;33617;
33926;33617;
33926;33617;
33926;33618;
33926;33618;
33926;33618;
33926;33618;
33926;33619;
33926;33619;
33926;33619;
33926;33619;
33927;33619;
33927;33619;
33927;33619;
33927;33619;
33927;33619;
33927;33619;
33927;33618;
33927;33619;
33927;33618;
33927;33618;
33927;33618;
33928;33618;
33928;33618;
33928;33617;
33928;33617;
33928;33618;
33928;33617;
33928;33617;
33928;33617;
33927;33617;
33927;33617;
33928;33618;
33927;33618;
33927;33619;
33927;33619;
33927;33618;
33927;33618;
33927;33618;
33926;33617;
33927;33617;
33926;33617;
33927;33617;
33927;33617;
33927;33617;
33927;33618;
33927;33617;
33927;33617;
33926;33618;
33926;33617;
33927;33617;
33927;33617;
33927;33617;
33927;33617;
33927;33618;
33927;33617;
33927;33617;
33927;33618;
33927;33617;
33927;33617;
33927;33617;
33927;33617;
33927;33617;
33927;33617;
33927;33617;
33927;33617;
33927;33617;
33927;33617;
33927;33617;
33927;33617;
33927;33618;
33927;33618;
33927;33618;
33927;33618;
33927;33618;
33927;33618;
33927;33619;
33927;33619;
33928;33619;
33928;33619;
33928;33619;
33927;33619;
33927;33619;
33927;33619;
33927;33619;
33927;33618;
33927;33618;
33928;33618;
33927;33618;
33927;33617;
33927;33618;
33926;33617;
33927;33617;
33927;33617;
33926;33617;
33926;33617;
33926;33617;
33927;33617;
33927;33618;
33927;33618;
33927;33618;
33927;33618;
33926;33618;
33926;33617;
33926;33617;
33927;33617;
33927;33617;
33926;33617;
33926;33617;
33926;33618;
33927;33618;
33927;33618;
33927;33619;
33927;33619;
33927;33620;
33927;33620;
33927;33620;
33927;33619;
33927;33619;
33927;33619;
33927;33619;
33927;33619;
33927;33618;
33927;33618;
33926;33617;
33926;33618;
33926;33617;
33926;33617;
33926;33617;
33927;33617;
33927;33617;
33927;33617;
33927;33617;
33926;33616;
33926;33616;
33926;33617;
33926;33616;
33926;33616;
33925;33616;
33925;33616;
33925;33616;
33925;33616;
33925;33616;
33925;33617;
33925;33617;
33925;33617;
33926;33618;
33926;33618;
33926;33618;
33926;33618;
33926;33618;
33926;33618;
33926;33619;
33926;33619;
33927;33619;
33927;33619;
33927;33619;
33927;33619;
33927;33619;
33927;33618;
33927;33619;
33928;33619;
33927;33619;
33928;33618;
33928;33618;
33927;33618;
33927;33618;
33927;33618;
33927;33618;
33928;33618;
33928;33618;
33928;33618;
33927;33618;
33927;33618;
33928;33618;
33927;33618;
33927;33618;
33927;33619;
33926;33619;
33927;33618;
33927;33618;
33927;33618;
33927;33619;
33927;33619;
33927;33619;
33927;33619;
33927;33619;
33927;33619;
33927;33619;
33927;33619;
33927;33618;
33927;33618;
33927;33617;
33927;33618;
33927;33618;
33927;33618;
33927;33618;
33928;33618;
33928;33618;
33929;33618;
33929;33619;
33928;33618;
33928;33619;
33928;33618;
33928;33618;
33928;33618;
33927;33618;
33927;33617;
33927;33617;
33926;33617;
33926;33617;
33927;33617;
33927;33617;
33927;33617;
33927;33617;
33926;33617;
33926;33617;
33926;33617;
33926;33617;
33926;33618;
33926;33618;
33926;33618;
33926;33619;
33926;33619;
33926;33619;
33926;33619;
33926;33619;
33926;33619;
33926;33619;
33926;33618;
33927;33618;
33927;33619;
33928;33619;
33927;33618;
33927;33618;
33927;33618;
33927;33618;
33928;33618;
33928;33618;
33928;33618;
33928;33619;
33928;33619;
33928;33619;
33928;33619;
33928;33619;
33928;33619;
33928;33619;
33928;33619;
33929;33619;
33928;33619;
33928;33619;
33928;33619;
33928;33619;
33927;33620;
33927;33620;
33927;33619;
33927;33620;
33927;33620;
33927;33619;
33927;33619;
33927;33618;
33927;33619;
33927;33619;
33926;33619;
33927;33619;
33926;33618;
33927;33618;
33927;33618;
33927;33618;
33927;33618;
33927;33618;
33927;33618;
33927;33617;
33927;33618;
33927;33618;
33928;33619;
33928;33619;
33927;33619;
33927;33619;
33927;33619;
33926;33619;
33926;33619;
33927;33619;
33927;33619;
33927;33618;
33926;33618;
33927;33618;
33927;33618;
33927;33619;
33926;33619;
33926;33618;
33926;33618;
33926;33618;
33926;33618;
33927;33619;
33927;33618;
33927;33618;
33926;33617;
33926;33617;
33926;33617;
33926;33618;
33926;33618;
33926;33619;
33926;33619;
33926;33618;
33926;33618;
33925;33617;
33926;33616;
33926;33616;
33926;33615;
33926;33616;
33926;33616;
33927;33616;
33927;33616;
33927;33616;
33927;33616;
33927;33616;
33927;33616;
33927;33616;
33927;33616;
33927;33616;
33927;33616;
33927;33617;
33927;33617;
33927;33617;
33927;33618;
33926;33618;
33926;33618;
33926;33618;
33927;33618;
33927;33618;
33927;33619;
33927;33619;
33927;33619;
33927;33619;
33927;33619;
33927;33619;
33927;33619;
33927;33619;
33927;33619;
33927;33619;
33927;33619;
33927;33620;
33927;33620;
33927;33619;
33927;33619;
33927;33619;
33927;33619;
33926;33619;
33926;33619;
33926;33618;
33926;33618;
33926;33618;
33926;33618;
33926;33618;
33926;33618;
33927;33618;
33927;33618;
33927;33618;
33927;33618;
33927;33618;
33927;33618;
33926;33618;
33926;33619;
33926;33619;
33927;33619;
33927;33619;
33927;33619;
33927;33619;
33927;33619;
33927;33618;
33927;33618;
33927;33618;
33927;33617;
33927;33617;
33926;33617;
33926;33618;
33926;33618;
33926;33618;
33927;33618;
33927;33618;
33927;33618;
33928;33618;
33928;33619;
33928;33618;
33928;33618;
33927;33618;
33928;33618;
33928;33618;
33928;33618;
33927;33617;
33927;33617;
33927;33617;
33927;33617;
33928;33617;
33928;33617;
33927;33617;
33927;33617;
33927;33617;
33927;33617;
33927;33617;
33927;33617;
33927;33618;
33927;33618;
33928;33619;
33928;33619;
33928;33619;
33928;33619;
33928;33619;
33928;33619;
33927;33618;
33927;33618;
33927;33618;
33927;33618;
33927;33617;
33927;33617;
33927;33617;
33927;33617;
33927;33617;
33926;33617;
33926;33617;
33926;33617;
33927;33618;
33927;33618;
33926;33618;
33926;33618;
33926;33618;
33926;33618;
33926;33618;
33925;33618;
33925;33618;
33924;33618;
33925;33618;
33925;33619;
33925;33618;
33925;33618;
33925;33618;
33925;33618;
33925;33617;
33925;33618;
33925;33618;
33925;33618;
33925;33618;
33925;33617;
33924;33617;
33924;33617;
33924;33616;
33924;33616;
33924;33616;
33924;33616;
33924;33616;
33924;33616;
33923;33616;
33924;33616;
33924;33616;
33924;33616;
33925;33616;
33925;33616;
33925;33616;
33925;33616;
33925;33617;
33925;33617;
33926;33618;
33926;33618;
33926;33618;
33926;33618;
33926;33618;
33926;33618;
33925;33618;
33925;33618;
33925;33618;
33925;33618;
33926;33618;
33925;33618;
33925;33617;
33925;33617;
33925;33617;
33925;33617;
33925;33617;
33925;33618;
33925;33619;
33926;33619;
33926;33619;
33926;33619;
33926;33619;
33926;33619;
33926;33619;
33927;33619;
33927;33619;
33927;33619;
33927;33619;
33927;33619;
33927;33619;
33927;33619;
33927;33619;
33927;33618;
33927;33618;
33926;33618;
33926;33617;
33926;33617;
33926;33617;
33926;33618;
33926;33618;
33925;33618;
33925;33618;
33925;33618;
33925;33618;
33925;33618;
33925;33618;
33925;33618;
33925;33618;
33925;33618;
33925;33617;
33925;33617;
33925;33617;
33925;33616;
33925;33617;
33926;33617;
33926;33617;
33926;33617;
33926;33617;
33926;33616;
33926;33616;
33927;33615;
33926;33615;
33926;33615;
33926;33615;
33926;33615;
33926;33615;
33926;33615;
33926;33616;
33926;33616;
33926;33615;
33926;33615;
33926;33616;
33926;33616;
33926;33616;
33926;33617;
33926;33617;
33925;33617;
33925;33617;
33925;33618;
33925;33618;
33925;33618;
33925;33618;
33926;33618;
33925;33618;
33925;33618;
33925;33618;
33925;33617;
33925;33618;
33925;33617;
33925;33617;
33926;33617;
33926;33617;
33926;33617;
33926;33617;
33926;33616;
33926;33616;
33926;33616;
33926;33616;
33926;33616;
33926;33616;
33927;33615;
33927;33616;
33927;33615;
33927;33615;
33928;33615;
33927;33615;
33928;33615;
33928;33615;
33928;33616;
33928;33616;
33927;33616;
33928;33616;
33928;33617;
33928;33617;
33927;33617;
33928;33617;
33927;33617;
33927;33617;
33927;33617;
33927;33618;
33927;33618;
33927;33618;
33927;33618;
33926;33618;
33927;33618;
33927;33618;
33927;33619;
33926;33619;
33927;33619;
33927;33619;
33927;33620;
33928;33620;
33928;33619;
33928;33619;
33928;33619;
33928;33618;
33928;33618;
33927;33618;
33927;33617;
33926;33617;
33927;33617;
33927;33617;
33927;33617;
33927;33617;
33927;33617;
33927;33617;
33927;33617;
33927;33617;
33927;33618;
33927;33618;
33927;33619;
33927;33619;
33927;33619;
33927;33620;
33927;33620;
33926;33620;
33926;33620;
33926;33619;
33926;33618;
33926;33618;
33926;33618;
33925;33618;
33925;33617;
33925;33617;
33926;33616;
33926;33616;
33925;33616;
33925;33616;
33925;33616;
33925;33616;
33925;33616;
33925;33616;
33925;33616;
33925;33616;
33925;33616;
33926;33616;
33926;33615;
33927;33616;
33927;33616;
33927;33616;
33927;33616;
33928;33616;
33927;33617;
33927;33617;
33927;33617;
33927;33617;
33928;33618;
33928;33618;
33927;33618;
33926;33618;
33927;33618;
33927;33618;
33926;33618;
33926;33618;
33926;33618;
33926;33617;
33926;33617;
33926;33616;
33926;33616;
33926;33616;
33926;33615;
33927;33615;
33927;33615;
33926;33615;
33926;33615;
33926;33615;
33926;33615;
33926;33615;
33926;33615;
33926;33615;
33926;33616;
33926;33616;
33927;33616;
33927;33617;
33927;33617;
33927;33618;
33927;33618;
33928;33617;
33928;33618;
33929;33618;
33929;33617;
33929;33617;
33929;33617;
33929;33617;
33929;33618;
33929;33617;
33929;33617;
33929;33617;
33929;33618;
33929;33618;
33928;33618;
